CMP26, CMP39, CMP6, CMP1, CMP20, CMP29, CMP40, CMP35, CMP42, CMP16, CMP46, CMP2, CMP45, CMP9, CMP47, CMP49, CMP10, CMP5, CMP32, CMP7, CMP15, CMP19, CMP34, CMP23, CMP17, CMP24, CMP37, CMP41, CMP43, CMP8, CMP44, CMP48, CMP12, CMP3, CMP38, CMP13, CMP11, CMP18, CMP22, CMP25, CMP30, CMP28, CMP31, CMP33, CMP0, CMP27, CMP21, CMP14, CMP36, CMP4
CMP95, CMP91, CMP70, CMP54, CMP64, CMP67, CMP76, CMP83, CMP85, CMP96, CMP97, CMP98, CMP99, CMP61, CMP50, CMP52, CMP55, CMP59, CMP62, CMP75, CMP80, CMP60, CMP74, CMP82, CMP69, CMP72, CMP78, CMP58, CMP79, CMP51, CMP63, CMP86, CMP53, CMP84, CMP56, CMP57, CMP81, CMP71, CMP66, CMP88, CMP89, CMP87, CMP90, CMP68, CMP65, CMP73, CMP92, CMP93, CMP77, CMP94
CMP134, CMP138, CMP125, CMP116, CMP104, CMP121, CMP122, CMP130, CMP124, CMP133, CMP142, CMP110, CMP141, CMP102, CMP119, CMP143, CMP127, CMP112, CMP144, CMP145, CMP111, CMP137, CMP135, CMP146, CMP148, CMP139, CMP132, CMP109, CMP147, CMP149, CMP100, CMP140, CMP115, CMP107, CMP117, CMP123, CMP126, CMP114, CMP120, CMP103, CMP129, CMP131, CMP108, CMP105, CMP136, CMP128, CMP101, CMP113
CMP177, CMP179, CMP150, CMP159, CMP163, CMP174, CMP162, CMP186, CMP176, CMP154, CMP167, CMP178, CMP180, CMP169, CMP187, CMP189, CMP190, CMP191, CMP193, CMP172, CMP182, CMP194, CMP151, CMP165, CMP184, CMP168, CMP181, CMP155, CMP188, CMP156, CMP157, CMP161, CMP192, CMP195, CMP196, CMP197, CMP164, CMP173, CMP153, CMP171, CMP170, CMP175, CMP166, CMP158, CMP183, CMP185, CMP198, CMP199, CMP152, CMP160
CMP207, CMP211, CMP212, CMP216, CMP219, CMP227, CMP206, CMP210, CMP230, CMP204, CMP239, CMP240, CMP243, CMP208, CMP241, CMP202, CMP213, CMP220, CMP242, CMP244, CMP245, CMP246, CMP247, CMP232, CMP248, CMP229, CMP233, CMP249, CMP203, CMP205, CMP228, CMP200, CMP214, CMP224, CMP218, CMP225, CMP223, CMP226, CMP217, CMP222, CMP231, CMP235, CMP234, CMP236, CMP201, CMP221, CMP237, CMP215, CMP238, CMP209
CMP269, CMP282, CMP284, CMP254, CMP263, CMP261, CMP277, CMP286, CMP259, CMP289, CMP292, CMP270, CMP293, CMP295, CMP262, CMP267, CMP279, CMP285, CMP251, CMP287, CMP264, CMP258, CMP280, CMP288, CMP272, CMP274, CMP276, CMP260, CMP268, CMP294, CMP298, CMP299, CMP250, CMP290, CMP291, CMP255, CMP256, CMP266, CMP253, CMP265, CMP271, CMP273, CMP281, CMP283, CMP296, CMP297, CMP278, CMP252, CMP257, CMP275
CMP329, CMP300, CMP336, CMP302, CMP312, CMP306, CMP317, CMP311, CMP308, CMP310, CMP332, CMP340, CMP327, CMP342, CMP316, CMP345, CMP348, CMP304, CMP323, CMP324, CMP314, CMP319, CMP313, CMP325, CMP301, CMP320, CMP326, CMP303, CMP328, CMP334, CMP330, CMP335, CMP315, CMP307, CMP337, CMP338, CMP331, CMP339, CMP341, CMP343, CMP344, CMP321, CMP346, CMP305, CMP347, CMP309, CMP318, CMP349, CMP333, CMP322
CMP389, CMP392, CMP350, CMP393, CMP394, CMP395, CMP352, CMP397, CMP398, CMP358, CMP359, CMP364, CMP382, CMP396, CMP399, CMP368, CMP384, CMP369, CMP375, CMP356, CMP378, CMP360, CMP383, CMP385, CMP379, CMP387, CMP388, CMP355, CMP353, CMP367, CMP370, CMP374, CMP376, CMP386, CMP357, CMP365, CMP351, CMP377, CMP390, CMP363, CMP362, CMP361, CMP372, CMP354, CMP373, CMP381, CMP391, CMP366, CMP380, CMP371
CMP418, CMP433, CMP443, CMP428, CMP400, CMP405, CMP410, CMP419, CMP423, CMP431, CMP435, CMP440, CMP445, CMP446, CMP432, CMP411, CMP436, CMP406, CMP412, CMP417, CMP409, CMP401, CMP407, CMP414, CMP422, CMP408, CMP424, CMP425, CMP438, CMP429, CMP403, CMP426, CMP439, CMP421, CMP442, CMP434, CMP402, CMP404, CMP447, CMP416, CMP413, CMP415, CMP420, CMP430, CMP444, CMP448, CMP449, CMP437, CMP427, CMP441
CMP484, CMP498, CMP499, CMP457, CMP460, CMP464, CMP472, CMP478, CMP495, CMP450, CMP451, CMP454, CMP466, CMP468, CMP470, CMP473, CMP455, CMP477, CMP471, CMP462, CMP469, CMP458, CMP474, CMP482, CMP452, CMP483, CMP487, CMP453, CMP479, CMP486, CMP461, CMP494, CMP463, CMP488, CMP475, CMP456, CMP459, CMP465, CMP481, CMP490, CMP493, CMP496, CMP467, CMP480, CMP485, CMP489, CMP476, CMP491, CMP492, CMP497
